Method,Silhouette,CH Index,DB Index
VAE+KMeans,0.5987681150436401,796.6859328894287,0.620616468466722
PCA+KMeans,0.5346549869724806,695.9330425457993,1.0303271089733037
